Name,Email,Phone,Address,City,Country,Amount,Product
Lucius,sit.amet@aliquam.net,0394 492 1614,669-6950 Ipsum Avenue,Cabo de Hornos,Kazakhstan,$77.19,pies
Aspen,ornare.tortor@sitametconsectetuer.co.uk,0967 957 1148,"P.O. Box 307, 859 Nam Rd.",Clauzetto,Reunion,$45.21,pasta
Rhiannon,malesuada.fames@aliquetvelvulputate.com,(0114) 797 8964,319-7661 Cras Av.,Bathurst,Kuwait,$69.57,seafood
Rogan,ridiculus.mus.Proin@tinciduntpedeac.edu,076 3456 8306,Ap #915-2607 In Avenue,Bairnsdale,British Indian Ocean Territory,$21.28,stews
Felicia,dictum.eleifend@enim.ca,0800 781572,178-8624 Mi. Rd.,Traiskirchen,Anguilla,$69.45,sandwiches
Zephania,lorem.luctus@ipsumprimis.edu,07624 941235,Ap #352-9263 Lectus Rd.,Duitama,Czech Republic,$16.07,noodles
Steel,nunc.id.enim@ac.org,(0191) 552 5510,"P.O. Box 477, 413 Nunc. Rd.",San Sostene,South Sudan,$19.10,pies
Echo,lorem.semper.auctor@orciUtsemper.co.uk,0800 190 2673,817-5395 Nibh St.,Laakirchen,Holy See (Vatican City State),$16.94,noodles
Paki,ipsum@Curabiturut.org,0867 327 5512,4382 Cum St.,Amqui,"Saint Helena, Ascension and Tristan da Cunha",$89.20,pasta
Lamar,aptent@Fuscedolorquam.org,056 6043 5385,"P.O. Box 262, 7623 Nunc. Avenue",Glovertown,Iran,$17.29,salads
Shafira,Nullam.vitae.diam@sapien.net,(022) 7285 2169,"P.O. Box 833, 1962 Phasellus Ave",Queilén,Macao,$0.40,pies
Lesley,Duis.at.lacus@Cras.edu,0363 868 2642,"P.O. Box 988, 2485 Proin St.",Diamer,Turks and Caicos Islands,$19.95,seafood
Fatima,arcu.Sed.et@purusNullamscelerisque.edu,(01760) 00413,883-2271 Volutpat Road,Saint-Denis,Qatar,$45.99,pasta
Fredericka,diam.at.pretium@natoquepenatibus.ca,(01131) 05746,"6942 Adipiscing, Rd.",Moncton,Kazakhstan,$97.38,soups
Amber,sit@liberomaurisaliquam.net,(011692) 69858,"P.O. Box 656, 3868 Sit St.",Columbus,Zambia,$23.14,stews
Yolanda,pellentesque.a.facilisis@duiquis.ca,(016977) 8233,668-9236 Ipsum St.,Casalvieri,Puerto Rico,$6.72,sandwiches
Ruby,ligula.Donec.luctus@sitametfaucibus.co.uk,(01841) 17219,"P.O. Box 315, 1409 Rhoncus. Avenue",Mönchengladbach,Guinea,$47.08,cereals
Thor,sem@dictumultriciesligula.org,(023) 2160 0928,204-7870 Donec Rd.,Antofagasta,Liberia,$20.54,stews
Britanni,tristique.ac.eleifend@pede.org,0332 276 4063,Ap #383-3168 Nam Av.,Shangla,Lebanon,$96.03,sandwiches
Brent,nec.quam@facilisis.org,0800 604 8397,4127 Nunc St.,Baranello,Nigeria,$68.40,cereals
Marshall,vitae.erat@metusAenean.edu,0800 726 8635,"P.O. Box 697, 3245 Adipiscing Street",Boussu-lez-Walcourt,Falkland Islands,$88.81,pies
Daphne,augue@urnaUt.org,0800 541293,967-6230 Tortor Av.,Walhain,Saint Martin,$41.12,desserts
Merritt,penatibus.et@liberoet.ca,076 1000 9806,"P.O. Box 191, 6278 Turpis Road",Montgomery,Haiti,$49.62,pies
Lillith,faucibus.orci@etlaciniavitae.com,0815 862 9662,Ap #185-6759 Orci. St.,Treppo Carnico,Comoros,$87.00,noodles
Jonah,tempor.est.ac@tempor.ca,076 8842 0116,2374 Rhoncus. St.,Mandi Burewala,Jordan,$37.03,seafood
Alvin,neque@semper.com,(0115) 856 5922,"P.O. Box 755, 2674 Feugiat Av.",Matagami,Greenland,$79.67,noodles
Celeste,nibh.enim.gravida@amet.com,(027) 0168 4615,334-8108 Nec St.,Santa Flavia,Jersey,$60.09,soups
Wanda,arcu@nuncullamcorpereu.org,076 9280 2311,5362 Vestibulum Av.,North Battleford,Åland Islands,$77.17,salads
Cherokee,consequat.auctor.nunc@Donec.net,07624 504511,7132 Mauris St.,Sluis,Saint Barthélemy,$27.16,noodles
Piper,tincidunt@antelectus.com,(01815) 853661,853-305 Iaculis Rd.,Ichtegem,Djibouti,$14.25,seafood
Athena,justo@Inatpede.net,0964 397 5512,Ap #818-1760 In St.,Maple Ridge,New Caledonia,$77.97,soups
Cherokee,ante@laoreetipsum.ca,0945 883 0509,"P.O. Box 249, 954 Dolor Avenue",Almere,Jersey,$39.04,desserts
Rajah,Mauris.molestie@tristique.org,0328 371 9024,333-215 Feugiat. St.,Wrocław,Bahamas,$60.43,desserts
Blossom,amet.massa@vulputate.net,0386 242 6642,743 Diam St.,Llangollen,Eritrea,$25.90,cereals
Blaine,et.eros@atliberoMorbi.edu,(0141) 610 4262,1229 Egestas. Ave,Peresvet,Bangladesh,$35.87,pies
Melanie,eleifend.nec.malesuada@felis.co.uk,0867 782 1872,279-1294 Integer Av.,Cromer,Gibraltar,$75.17,noodles
John,libero.est.congue@ultriciesligula.net,(01406) 693461,858-7948 Odio Rd.,Montegranaro,Azerbaijan,$40.85,salads
Hector,orci.quis@dictum.com,(0113) 456 0774,"2893 Ante, Rd.",Burntisland,Egypt,$81.33,seafood
Gannon,Vivamus.euismod@Phasellusinfelis.com,(011467) 18270,"P.O. Box 772, 7539 Phasellus Rd.",Truro,Russian Federation,$47.48,cereals
Kessie,aptent@mauris.co.uk,076 1805 8466,5085 Magna Street,Erembodegem,Bouvet Island,$71.73,pies
Duncan,Curabitur.massa.Vestibulum@orciluctus.com,076 1267 9004,"3514 Elit, Road",Milestone,Somalia,$98.82,seafood
Maisie,et@loremluctus.org,(016977) 0496,8574 Nulla St.,Geelong,Japan,$19.41,pies
Sybil,in.faucibus@ultriciesligula.com,0348 579 5034,"P.O. Box 316, 1095 Eros. Street",Newport,Chad,$91.68,noodles
Melvin,lacinia@adipiscingligula.com,(012337) 09333,"P.O. Box 894, 5449 Facilisis. St.",Uluberia,Venezuela,$96.56,pasta
Debra,magna.Suspendisse.tristique@Donecconsectetuer.ca,(01611) 411940,7991 Duis Rd.,Piovene Rocchette,Bouvet Island,$94.81,cereals
Timothy,ut@arcu.com,(01210) 99228,"892-7491 Ornare, Rd.",Tuscaloosa,Nepal,$59.89,stews
Carlos,eget@vulputatemaurissagittis.co.uk,07624 738949,Ap #169-4031 Pellentesque Rd.,Ikot Ekpene,San Marino,$89.82,pasta
Macey,nisi.magna.sed@etultrices.net,07624 946655,"P.O. Box 110, 2769 Lacus St.",Sahagún,Macedonia,$63.35,pies
Chaim,gravida.Aliquam@risus.co.uk,(01709) 69230,"609-9283 Non, St.",Pamplona,Mexico,$72.19,sandwiches
Sara,pede.Cras.vulputate@Nullam.net,(024) 7075 1586,665-8829 Luctus Av.,Racine,Portugal,$93.23,sandwiches
Daphne,sociis.natoque.penatibus@tortorNunccommodo.org,07231 202516,3178 Interdum St.,Borgo Valsugana,Libya,$49.34,seafood
Armando,placerat.Cras@augueid.org,0359 470 3539,Ap #745-8454 Tellus Rd.,Valuyki,China,$78.36,desserts
Calista,arcu@dictumultriciesligula.org,(01019) 849905,Ap #554-9208 Eros. Rd.,Meeffe,Marshall Islands,$9.44,pasta
Nolan,libero.Proin.mi@seddui.ca,(0131) 790 8987,Ap #379-248 Ridiculus Ave,Sosnowiec,Slovenia,$14.59,pies
Kuame,consectetuer.adipiscing.elit@velpede.com,(0161) 873 4259,758-698 Dictum. Rd.,Podolsk,Algeria,$2.56,pasta
Hanae,ullamcorper.Duis@nullaIn.net,(011333) 25835,439-2141 Sagittis St.,Bhatpara,Turkmenistan,$3.06,sandwiches
Rudyard,magna.a.tortor@aliquet.ca,(028) 3452 2379,950-5192 Tempor Ave,Brucargo,Nigeria,$85.85,pasta
Lev,et.malesuada@tellus.net,0500 648780,"P.O. Box 682, 5280 Euismod St.",Beersel,China,$68.87,pasta
Elaine,nec.leo.Morbi@orciquis.edu,(0113) 065 8162,8033 Fringilla Avenue,Stekene,Morocco,$55.93,stews
Dustin,sapien@porta.ca,(01428) 460438,"Ap #972-1410 Posuere, Ave",Los Angeles,Eritrea,$77.39,noodles
Hedda,volutpat.nunc.sit@nulla.co.uk,(0110) 855 1337,Ap #413-732 Donec Avenue,Kanpur,Brunei,$30.92,noodles
Anthony,ultricies.adipiscing@aliquam.co.uk,(01978) 52327,861-2074 Sed Avenue,Macon,Aruba,$83.55,soups
Avram,viverra.Maecenas@sedduiFusce.edu,0313 011 8884,Ap #693-6749 Eros. St.,Santa Marina,Italy,$45.78,cereals
Brynn,ornare.elit.elit@Maurisquisturpis.ca,076 0194 7848,Ap #659-3127 Ultrices Rd.,Alnwick,Azerbaijan,$51.70,sandwiches
Lila,tincidunt@sitamet.ca,07387 085540,Ap #868-5898 Commodo Rd.,Whakatane,Qatar,$75.90,desserts
Miriam,enim.diam@euismodacfermentum.edu,0915 910 9332,518-1689 Cursus St.,San Carlos,Egypt,$41.10,desserts
Walker,odio.auctor@metuseu.org,(0114) 964 0527,Ap #781-7553 Facilisis Road,Erciş,Uzbekistan,$41.49,sandwiches
Liberty,tristique.pharetra@metus.edu,0800 374185,5012 Erat Ave,Belfort,Lebanon,$8.87,cereals
Medge,sagittis@nequeseddictum.edu,0800 1111,Ap #774-697 Lorem Ave,Sonipat,Benin,$13.49,pies
Hedley,dui.Fusce@elit.net,070 5646 6796,"P.O. Box 478, 9378 Vivamus St.",Los Muermos,Tonga,$9.82,pies
Dacey,vulputate@Aliquamauctorvelit.co.uk,0800 704 6563,"P.O. Box 585, 899 Nunc St.",Glain,Holy See (Vatican City State),$63.58,soups
Oprah,pellentesque@Nullaegetmetus.co.uk,0800 187 7985,"P.O. Box 627, 6129 Sed Rd.",Den Helder,Netherlands,$95.28,stews
Yeo,ipsum.porta.elit@duiquisaccumsan.org,055 1534 3730,"P.O. Box 906, 6554 Molestie Street",Allahabad,Latvia,$50.63,noodles
Hu,pretium.et.rutrum@Aliquam.com,(01019) 048181,356-4816 Duis Av.,Dieppe,Palau,$18.99,seafood
Jade,sit.amet@musProinvel.org,(0181) 972 3981,689 Ut Ave,Dos Hermanas,United States,$88.72,noodles
Daquan,sagittis.Nullam.vitae@pellentesqueegetdictum.org,0392 169 7401,"P.O. Box 327, 2723 Egestas Av.",Linkhout,Somalia,$53.84,sandwiches
Keefe,risus.Nulla.eget@Quisquepurussapien.com,(01377) 41698,"P.O. Box 845, 3652 Porttitor Street",North Barrackpur,Canada,$68.71,stews
Kyra,turpis.In@dictum.ca,(01589) 94040,Ap #848-3293 Hendrerit St.,Ragogna,Colombia,$3.63,sandwiches
Kibo,elit.erat@odiosempercursus.ca,(0161) 367 5882,614-7897 Tempus Ave,Caldera,Syria,$74.79,seafood
Indigo,nibh@ornare.edu,056 3471 8076,605-7701 Donec Road,Verdun,Bermuda,$65.91,cereals
Kyle,Proin@mattissemperdui.org,(0119) 747 3653,390-7443 Euismod Road,Dzerzhinsky,Nigeria,$77.16,cereals
Holmes,sapien.molestie@eu.net,(0121) 937 0552,Ap #694-8836 Etiam Street,Preore,Canada,$30.83,desserts
Hadassah,mi@scelerisquelorem.com,(012556) 72463,"P.O. Box 339, 1917 Fringilla, Ave",Leticia,Cambodia,$47.28,sandwiches
Keely,molestie.orci.tincidunt@intempuseu.org,(01246) 699345,"P.O. Box 735, 8804 Vitae Av.",Barrow-in-Furness,Guernsey,$62.68,pies
Linda,placerat@erosnec.edu,(021) 8402 6900,"7736 Montes, Ave",Harelbeke,Isle of Man,$89.56,sandwiches
Delilah,ante@pharetrautpharetra.co.uk,07473 619649,4239 Semper Rd.,Seattle,Serbia,$68.89,salads
Beverly,feugiat@enimSuspendissealiquet.com,(016977) 9958,"P.O. Box 666, 7151 Leo. Av.",Cambrai,Honduras,$16.91,pies
Colin,Phasellus.at.augue@Etiambibendumfermentum.org,(0112) 588 6555,Ap #835-9203 Arcu. Av.,Crystal Springs,Sao Tome and Principe,$6.09,pasta
Nathan,mi.lorem@a.com,(019856) 16978,Ap #648-9632 Eu Road,Langholm,"Saint Helena, Ascension and Tristan da Cunha",$62.94,seafood
Sybil,mollis.nec@pharetraNamac.com,07624 876593,3953 Urna. Rd.,Edinburgh,Djibouti,$12.12,soups
Regina,eu.tempor@est.net,0322 195 1458,Ap #327-3311 Justo Ave,Tumbler Ridge,Georgia,$51.37,pasta
Georgia,ligula.consectetuer.rhoncus@sitamet.com,070 2346 9034,276-3379 Feugiat Av.,Le Grand-Quevilly,"Palestine, State of",$66.84,pies
Joshua,aliquet.magna@sitametluctus.ca,0861 434 0622,"Ap #205-7550 Eget, Av.",Pointe-aux-Trembles,Mozambique,$0.85,stews
Gage,est.Nunc@Loremipsum.org,07624 660216,Ap #171-8297 Arcu Ave,Namur,Sierra Leone,$43.62,soups
Maryam,morbi.tristique@arcuNunc.co.uk,0800 1111,Ap #851-6476 Ante Rd.,Newport News,Estonia,$44.23,cereals
Malcolm,egestas.urna@nullaante.org,0946 128 7684,5559 Tincidunt Ave,Chiquinquirá,Togo,$15.81,desserts
Derek,massa.Vestibulum.accumsan@porttitor.ca,0846 154 0397,"P.O. Box 403, 2263 Auctor, Street",Ichtegem,Cayman Islands,$80.07,desserts
Aristotle,pretium.aliquet.metus@id.com,076 0558 8357,882-3914 Amet Avenue,Eisenhüttenstadt,New Zealand,$24.80,seafood
Xerxes,vel.convallis@eget.com,(014998) 56064,893-9537 Vel St.,Enna,Nicaragua,$47.35,seafood
Kelsie,Donec.non@quam.co.uk,(016977) 3797,111-9939 Quis Av.,Ayr,Mauritania,$59.29,pies